title, isbn13, price, availability
Milk and Honey,9781449474256,25.00,18
The Gathering,9781449474342,20,50
Tale of Zelda,9781449474453,33.4,21
Cooking Book,9781449474323,99.9,4
Understanding People,9781349471231,99.4,0
Happy in Workplace,9781434474234,94,1
Founder of Php,9781449474221,34,1
PHP Soup,9781442374221,20.5,0
SQL in Nutshell,9781129474251,21.5,2
Brief History of Time,9781449474211,20,23
Albert Enstein's Works,9781449474223,18,7
How to Cook a Cake,9781449474224,5,11
It,9781449474212,1,2
Interstellar,9781449474254,10,4
Happy Cooking,9781449474257,15.5,20